Periódico,Índice,Noticias Similares
elmundoes,0,"[('elpais', 90), ('elpais', 226)]"
elmundoes,1,[]
elmundoes,2,[]
elmundoes,3,[]
elmundoes,4,"[('lavozdegaliciaes', 400), ('larazones', 422), ('larazones', 438)]"
elmundoes,5,[]
elmundoes,6,[]
elmundoes,7,[]
elmundoes,8,"[('elpais', 96), ('lavanguardia', 233), ('elconfidencial', 246), ('lavozdegaliciaes', 401)]"
elmundoes,9,[]
elmundoes,10,[]
elmundoes,11,"[('lavanguardia', 231)]"
elmundoes,12,[]
elmundoes,13,[]
elmundoes,14,[]
elmundoes,15,[]
elmundoes,16,[]
elmundoes,17,[]
elmundoes,18,[]
elmundoes,19,[]
elmundoes,20,[]
elmundoes,21,[]
elmundoes,22,[]
elmundoes,23,[]
elmundoes,24,[]
elmundoes,25,[]
elmundoes,26,[]
elmundoes,27,"[('larazones', 444)]"
elmundoes,28,[]
elmundoes,29,[]
elmundoes,30,[]
elmundoes,31,[]
elmundoes,32,"[('elpais', 90), ('elpais', 226)]"
elmundoes,33,[]
elmundoes,34,[]
elmundoes,35,[]
elmundoes,36,[]
elmundoes,37,[]
elmundoes,38,[]
elmundoes,39,[]
elmundoes,40,[]
elmundoes,41,[]
elmundoes,42,[]
elmundoes,43,[]
elmundoes,44,[]
elmundoes,45,[]
elmundoes,46,[]
elmundoes,47,[]
elmundoes,48,[]
elmundoes,49,[]
elmundoes,50,[]
elmundoes,51,[]
elmundoes,52,"[('elpais', 96), ('lavanguardia', 233), ('elconfidencial', 246), ('lavozdegaliciaes', 401)]"
elmundoes,53,[]
elmundoes,54,[]
elmundoes,55,"[('elpais', 96), ('lavanguardia', 233), ('elconfidencial', 246), ('lavozdegaliciaes', 401)]"
elmundoes,56,[]
elmundoes,57,[]
elmundoes,58,[]
elmundoes,59,[]
elmundoes,60,[]
elmundoes,61,"[('elconfidencial', 286), ('larazones', 464)]"
elmundoes,62,[]
elmundoes,63,[]
elmundoes,64,[]
elmundoes,65,[]
elmundoes,66,[]
elmundoes,67,[]
elmundoes,68,[]
elmundoes,69,[]
elmundoes,70,[]
elmundoes,71,[]
elmundoes,72,"[('larazones', 465)]"
elmundoes,73,"[('elpais', 107)]"
elmundoes,74,[]
elmundoes,75,[]
elmundoes,76,[]
elmundoes,77,[]
elmundoes,78,[]
elmundoes,79,[]
elmundoes,80,[]
elmundoes,81,[]
elmundoes,82,"[('marca', 574)]"
elpais,83,[]
elpais,84,[]
elpais,85,[]
elpais,86,[]
elpais,87,[]
elpais,88,[]
elpais,89,[]
elpais,90,"[('elmundoes', 0), ('elmundoes', 32), ('larazones', 425), ('larazones', 435), ('larazones', 452)]"
elpais,91,[]
elpais,92,[]
elpais,93,[]
elpais,94,"[('larazones', 459)]"
elpais,95,"[('elconfidencial', 308), ('marca', 569)]"
elpais,96,"[('elmundoes', 8), ('elmundoes', 52), ('elmundoes', 55), ('elconfidencial', 246), ('lavozdegaliciaes', 401)]"
elpais,97,[]
elpais,98,[]
elpais,99,[]
elpais,100,[]
elpais,101,[]
elpais,102,[]
elpais,103,"[('larazones', 472)]"
elpais,104,[]
elpais,105,[]
elpais,106,"[('elconfidencial', 275), ('elconfidencial', 296)]"
elpais,107,"[('elmundoes', 73)]"
elpais,108,[]
elpais,109,[]
elpais,110,[]
elpais,111,[]
elpais,112,[]
elpais,113,[]
elpais,114,[]
elpais,115,[]
elpais,116,[]
elpais,117,[]
elpais,118,[]
elpais,119,[]
elpais,120,[]
elpais,121,[]
elpais,122,[]
elpais,123,[]
elpais,124,[]
elpais,125,[]
elpais,126,[]
elpais,127,[]
elpais,128,[]
elpais,129,[]
elpais,130,[]
elpais,131,[]
elpais,132,[]
elpais,133,[]
elpais,134,[]
elpais,135,[]
elpais,136,[]
elpais,137,[]
elpais,138,[]
elpais,139,[]
elpais,140,[]
elpais,141,[]
elpais,142,[]
elpais,143,[]
elpais,144,[]
elpais,145,[]
elpais,146,[]
elpais,147,[]
elpais,148,[]
elpais,149,[]
elpais,150,[]
elpais,151,[]
elpais,152,[]
elpais,153,[]
elpais,154,[]
elpais,155,[]
elpais,156,[]
elpais,157,[]
elpais,158,[]
elpais,159,[]
elpais,160,[]
elpais,161,[]
elpais,162,"[('elconfidencial', 316)]"
elpais,163,[]
elpais,164,[]
elpais,165,[]
elpais,166,[]
elpais,167,[]
elpais,168,[]
elpais,169,[]
elpais,170,[]
elpais,171,[]
elpais,172,[]
elpais,173,[]
elpais,174,[]
elpais,175,[]
elpais,176,[]
elpais,177,[]
elpais,178,"[('elconfidencial', 273)]"
elpais,179,[]
elpais,180,[]
elpais,181,"[('elconfidencial', 245), ('elconfidencial', 356)]"
elpais,182,[]
elpais,183,[]
elpais,184,[]
elpais,185,[]
elpais,186,[]
elpais,187,[]
elpais,188,[]
elpais,189,[]
elpais,190,[]
elpais,191,[]
elpais,192,[]
elpais,193,[]
elpais,194,[]
elpais,195,[]
elpais,196,[]
elpais,197,[]
elpais,198,[]
elpais,199,[]
elpais,200,[]
elpais,201,[]
elpais,202,[]
elpais,203,[]
elpais,204,[]
elpais,205,[]
elpais,206,[]
elpais,207,[]
elpais,208,[]
elpais,209,[]
elpais,210,[]
elpais,211,[]
elpais,212,[]
elpais,213,[]
elpais,214,[]
elpais,215,[]
elpais,216,[]
elpais,217,[]
elpais,218,[]
elpais,219,[]
elpais,220,[]
elpais,221,[]
elpais,222,"[('larazones', 439)]"
elpais,223,[]
elpais,224,[]
elpais,225,[]
elpais,226,"[('elmundoes', 0), ('elmundoes', 32), ('larazones', 425), ('larazones', 435), ('larazones', 452)]"
elpais,227,[]
elpais,228,[]
elpais,229,[]
lavanguardia,230,[]
lavanguardia,231,"[('elmundoes', 11)]"
lavanguardia,232,[]
lavanguardia,233,"[('elmundoes', 8), ('elmundoes', 52), ('elmundoes', 55)]"
lavanguardia,234,[]
lavanguardia,235,"[('marca', 530)]"
lavanguardia,236,[]
lavanguardia,237,[]
lavanguardia,238,[]
lavanguardia,239,[]
lavanguardia,240,[]
lavanguardia,241,[]
elconfidencial,242,[]
elconfidencial,243,[]
elconfidencial,244,[]
elconfidencial,245,"[('elpais', 181)]"
elconfidencial,246,"[('elmundoes', 8), ('elmundoes', 52), ('elmundoes', 55), ('elpais', 96), ('lavozdegaliciaes', 401)]"
elconfidencial,247,[]
elconfidencial,248,[]
elconfidencial,249,"[('larazones', 427), ('larazones', 482)]"
elconfidencial,250,[]
elconfidencial,251,[]
elconfidencial,252,[]
elconfidencial,253,[]
elconfidencial,254,[]
elconfidencial,255,[]
elconfidencial,256,"[('lavozdegaliciaes', 399), ('larazones', 436)]"
elconfidencial,257,"[('lavozdegaliciaes', 397), ('larazones', 440)]"
elconfidencial,258,[]
elconfidencial,259,[]
elconfidencial,260,[]
elconfidencial,261,[]
elconfidencial,262,[]
elconfidencial,263,[]
elconfidencial,264,[]
elconfidencial,265,[]
elconfidencial,266,[]
elconfidencial,267,[]
elconfidencial,268,[]
elconfidencial,269,[]
elconfidencial,270,[]
elconfidencial,271,[]
elconfidencial,272,[]
elconfidencial,273,"[('elpais', 178)]"
elconfidencial,274,[]
elconfidencial,275,"[('elpais', 106)]"
elconfidencial,276,[]
elconfidencial,277,[]
elconfidencial,278,[]
elconfidencial,279,[]
elconfidencial,280,[]
elconfidencial,281,[]
elconfidencial,282,[]
elconfidencial,283,[]
elconfidencial,284,[]
elconfidencial,285,[]
elconfidencial,286,"[('elmundoes', 61), ('larazones', 464)]"
elconfidencial,287,[]
elconfidencial,288,[]
elconfidencial,289,[]
elconfidencial,290,[]
elconfidencial,291,[]
elconfidencial,292,[]
elconfidencial,293,[]
elconfidencial,294,[]
elconfidencial,295,[]
elconfidencial,296,"[('elpais', 106)]"
elconfidencial,297,[]
elconfidencial,298,[]
elconfidencial,299,[]
elconfidencial,300,[]
elconfidencial,301,[]
elconfidencial,302,"[('larazones', 488)]"
elconfidencial,303,[]
elconfidencial,304,[]
elconfidencial,305,[]
elconfidencial,306,[]
elconfidencial,307,[]
elconfidencial,308,"[('elpais', 95), ('marca', 569)]"
elconfidencial,309,[]
elconfidencial,310,[]
elconfidencial,311,[]
elconfidencial,312,[]
elconfidencial,313,[]
elconfidencial,314,[]
elconfidencial,315,[]
elconfidencial,316,"[('elpais', 162)]"
elconfidencial,317,[]
elconfidencial,318,[]
elconfidencial,319,[]
elconfidencial,320,[]
elconfidencial,321,[]
elconfidencial,322,[]
elconfidencial,323,[]
elconfidencial,324,[]
elconfidencial,325,[]
elconfidencial,326,[]
elconfidencial,327,[]
elconfidencial,328,[]
elconfidencial,329,[]
elconfidencial,330,[]
elconfidencial,331,[]
elconfidencial,332,[]
elconfidencial,333,[]
elconfidencial,334,[]
elconfidencial,335,[]
elconfidencial,336,[]
elconfidencial,337,[]
elconfidencial,338,[]
elconfidencial,339,[]
elconfidencial,340,[]
elconfidencial,341,[]
elconfidencial,342,[]
elconfidencial,343,[]
elconfidencial,344,[]
elconfidencial,345,[]
elconfidencial,346,[]
elconfidencial,347,[]
elconfidencial,348,[]
elconfidencial,349,[]
elconfidencial,350,[]
elconfidencial,351,[]
elconfidencial,352,[]
elconfidencial,353,[]
elconfidencial,354,[]
elconfidencial,355,[]
elconfidencial,356,"[('elpais', 181)]"
elconfidencial,357,[]
elconfidencial,358,[]
elconfidencial,359,[]
elconfidencial,360,[]
elconfidencial,361,[]
elconfidencial,362,[]
elconfidencial,363,[]
elconfidencial,364,[]
elconfidencial,365,[]
elconfidencial,366,[]
elconfidencial,367,[]
elconfidencial,368,[]
elconfidencial,369,[]
elconfidencial,370,[]
elconfidencial,371,[]
elconfidencial,372,[]
elconfidencial,373,[]
elconfidencial,374,[]
elconfidencial,375,[]
elconfidencial,376,[]
elconfidencial,377,[]
elconfidencial,378,[]
elconfidencial,379,[]
elconfidencial,380,[]
elconfidencial,381,"[('larazones', 427), ('larazones', 482)]"
elconfidencial,382,[]
elconfidencial,383,[]
elconfidencial,384,[]
elconfidencial,385,[]
elconfidencial,386,[]
elconfidencial,387,[]
elconfidencial,388,[]
elconfidencial,389,[]
elconfidencial,390,[]
elconfidencial,391,[]
elconfidencial,392,[]
elconfidencial,393,[]
elconfidencial,394,[]
elconfidencial,395,[]
lavozdegaliciaes,396,[]
lavozdegaliciaes,397,"[('elconfidencial', 257)]"
lavozdegaliciaes,398,"[('larazones', 444)]"
lavozdegaliciaes,399,"[('elconfidencial', 256), ('larazones', 436)]"
lavozdegaliciaes,400,"[('elmundoes', 4), ('larazones', 422), ('larazones', 438)]"
lavozdegaliciaes,401,"[('elmundoes', 8), ('elmundoes', 52), ('elmundoes', 55), ('elpais', 96), ('elconfidencial', 246)]"
lavozdegaliciaes,402,[]
lavozdegaliciaes,403,[]
lavozdegaliciaes,404,[]
eldiarioes,405,[]
eldiarioes,406,[]
eldiarioes,407,[]
eldiarioes,408,[]
eldiarioes,409,[]
eldiarioes,410,[]
eldiarioes,411,[]
eldiarioes,412,[]
eldiarioes,413,[]
eldiarioes,414,[]
eldiarioes,415,[]
eldiarioes,416,[]
eldiarioes,417,[]
eldiarioes,418,[]
eldiarioes,419,[]
eldiarioes,420,[]
eldiarioes,421,[]
larazones,422,"[('elmundoes', 4), ('lavozdegaliciaes', 400)]"
larazones,423,[]
larazones,424,[]
larazones,425,"[('elpais', 90), ('elpais', 226)]"
larazones,426,[]
larazones,427,"[('elconfidencial', 249), ('elconfidencial', 381)]"
larazones,428,"[('marca', 531)]"
larazones,429,[]
larazones,430,[]
larazones,431,[]
larazones,432,[]
larazones,433,[]
larazones,434,[]
larazones,435,"[('elpais', 90), ('elpais', 226)]"
larazones,436,"[('elconfidencial', 256), ('lavozdegaliciaes', 399)]"
larazones,437,[]
larazones,438,"[('elmundoes', 4), ('lavozdegaliciaes', 400)]"
larazones,439,"[('elpais', 222)]"
larazones,440,"[('elconfidencial', 257)]"
larazones,441,[]
larazones,442,[]
larazones,443,[]
larazones,444,"[('elmundoes', 27), ('lavozdegaliciaes', 398)]"
larazones,445,[]
larazones,446,[]
larazones,447,[]
larazones,448,[]
larazones,449,[]
larazones,450,[]
larazones,451,[]
larazones,452,"[('elpais', 90), ('elpais', 226)]"
larazones,453,[]
larazones,454,[]
larazones,455,[]
larazones,456,[]
larazones,457,[]
larazones,458,[]
larazones,459,"[('elpais', 94)]"
larazones,460,[]
larazones,461,[]
larazones,462,[]
larazones,463,[]
larazones,464,"[('elmundoes', 61), ('elconfidencial', 286)]"
larazones,465,"[('elmundoes', 72)]"
larazones,466,[]
larazones,467,[]
larazones,468,[]
larazones,469,[]
larazones,470,[]
larazones,471,[]
larazones,472,"[('elpais', 103)]"
larazones,473,[]
larazones,474,[]
larazones,475,[]
larazones,476,[]
larazones,477,[]
larazones,478,[]
larazones,479,[]
larazones,480,[]
larazones,481,[]
larazones,482,"[('elconfidencial', 249), ('elconfidencial', 381)]"
larazones,483,[]
larazones,484,[]
larazones,485,[]
larazones,486,[]
larazones,487,[]
larazones,488,"[('elconfidencial', 302)]"
larazones,489,[]
larazones,490,[]
larazones,491,[]
larazones,492,[]
larazones,493,[]
larazones,494,[]
larazones,495,[]
larazones,496,[]
larazones,497,[]
larazones,498,[]
larazones,499,[]
larazones,500,[]
larazones,501,[]
larazones,502,[]
larazones,503,[]
larazones,504,[]
larazones,505,[]
larazones,506,[]
larazones,507,[]
larazones,508,[]
larazones,509,[]
larazones,510,[]
larazones,511,[]
larazones,512,[]
larazones,513,[]
larazones,514,[]
larazones,515,[]
larazones,516,[]
larazones,517,[]
larazones,518,[]
marca,519,[]
marca,520,[]
marca,521,[]
marca,522,[]
marca,523,[]
marca,524,[]
marca,525,[]
marca,526,[]
marca,527,[]
marca,528,[]
marca,529,[]
marca,530,"[('lavanguardia', 235)]"
marca,531,"[('larazones', 428)]"
marca,532,[]
marca,533,[]
marca,534,[]
marca,535,[]
marca,536,[]
marca,537,[]
marca,538,[]
marca,539,[]
marca,540,[]
marca,541,[]
marca,542,[]
marca,543,[]
marca,544,[]
marca,545,[]
marca,546,[]
marca,547,[]
marca,548,[]
marca,549,[]
marca,550,[]
marca,551,[]
marca,552,[]
marca,553,[]
marca,554,[]
marca,555,[]
marca,556,[]
marca,557,[]
marca,558,[]
marca,559,[]
marca,560,[]
marca,561,[]
marca,562,[]
marca,563,[]
marca,564,[]
marca,565,[]
marca,566,[]
marca,567,[]
marca,568,[]
marca,569,"[('elpais', 95), ('elconfidencial', 308)]"
marca,570,[]
marca,571,[]
marca,572,[]
marca,573,[]
marca,574,"[('elmundoes', 82)]"
marca,575,[]
marca,576,[]
marca,577,[]
marca,578,[]
marca,579,[]
marca,580,[]
marca,581,[]
marca,582,[]
marca,583,[]
marca,584,[]
marca,585,[]
marca,586,[]
marca,587,[]
marca,588,[]
marca,589,[]
marca,590,[]
marca,591,[]
marca,592,[]
marca,593,[]
marca,594,[]
marca,595,[]
marca,596,[]
marca,597,[]
marca,598,[]
marca,599,[]
marca,600,[]
marca,601,[]
marca,602,[]
marca,603,[]
marca,604,[]
marca,605,[]
marca,606,[]
marca,607,[]
marca,608,[]
marca,609,[]
marca,610,[]
marca,611,[]
